날짜,사이트,제목,감성점수
2026-05-08,인벤,[인벤] 아다리 진짜 개심하네 굴절 수준,2
2026-05-16,인벤,[인벤] 아다리 진짜 개심하네 굴절 수준,1
2026-05-25,인벤,[인벤] 아다리 진짜 개심하네 굴절 수준,1
2026-05-21,인벤,[인벤] 아다리 진짜 개심하네 굴절 수준,2
2026-05-09,인벤,[인벤] 아다리 진짜 개심하네 굴절 수준,1
2026-05-17,인벤,[인벤] 아다리 진짜 개심하네 굴절 수준,2
2026-05-04,인벤,[인벤] 아다리 진짜 개심하네 굴절 수준,1
2026-05-30,인벤,[인벤] 아다리 진짜 개심하네 굴절 수준,2
2026-05-05,인벤,[인벤] 아다리 진짜 개심하네 굴절 수준,1
2026-05-23,인벤,[인벤] 아다리 진짜 개심하네 굴절 수준,2
2026-05-18,인벤,[인벤] 아다리 진짜 개심하네 굴절 수준,1
2026-05-14,인벤,[인벤] 아다리 진짜 개심하네 굴절 수준,2
2026-05-08,인벤,[인벤] 아다리 진짜 개심하네 굴절 수준,2
2026-05-12,인벤,[인벤] 아다리 진짜 개심하네 굴절 수준,1
2026-05-22,인벤,[인벤] 아다리 진짜 개심하네 굴절 수준,1
2026-06-01,인벤,[인벤] 오늘 보정 상태 왜 이러냐 아다리 롤백좀,2
2026-06-01,인벤,[인벤] 오늘 보정 상태 왜 이러냐 아다리 롤백좀,3
2026-06-02,인벤,[인벤] 오늘 보정 상태 왜 이러냐 아다리 롤백좀,3
2026-06-02,인벤,[인벤] 오늘 보정 상태 왜 이러냐 아다리 롤백좀,3
2026-06-03,인벤,[인벤] 오늘 보정 상태 왜 이러냐 아다리 롤백좀,2
2026-06-03,인벤,[인벤] 오늘 보정 상태 왜 이러냐 아다리 롤백좀,3
2026-06-04,인벤,[인벤] 오늘 보정 상태 왜 이러냐 아다리 롤백좀,2
2026-06-04,인벤,[인벤] 오늘 보정 상태 왜 이러냐 아다리 롤백좀,2
2026-06-05,인벤,[인벤] 오늘 보정 상태 왜 이러냐 아다리 롤백좀,2
2026-06-05,인벤,[인벤] 오늘 보정 상태 왜 이러냐 아다리 롤백좀,3
2026-05-30,에펨코리아,[에펨코리아] 아다리 진짜 개심하네 굴절 수준,2
2026-05-15,에펨코리아,[에펨코리아] 아다리 진짜 개심하네 굴절 수준,1
2026-05-23,에펨코리아,[에펨코리아] 아다리 진짜 개심하네 굴절 수준,1
2026-05-18,에펨코리아,[에펨코리아] 아다리 진짜 개심하네 굴절 수준,1
2026-05-10,에펨코리아,[에펨코리아] 아다리 진짜 개심하네 굴절 수준,1
2026-05-04,에펨코리아,[에펨코리아] 아다리 진짜 개심하네 굴절 수준,1
2026-05-07,에펨코리아,[에펨코리아] 아다리 진짜 개심하네 굴절 수준,2
2026-05-22,에펨코리아,[에펨코리아] 아다리 진짜 개심하네 굴절 수준,2
2026-05-02,에펨코리아,[에펨코리아] 아다리 진짜 개심하네 굴절 수준,2
2026-05-25,에펨코리아,[에펨코리아] 아다리 진짜 개심하네 굴절 수준,2
2026-05-05,에펨코리아,[에펨코리아] 아다리 진짜 개심하네 굴절 수준,2
2026-05-30,에펨코리아,[에펨코리아] 아다리 진짜 개심하네 굴절 수준,1
2026-05-02,에펨코리아,[에펨코리아] 아다리 진짜 개심하네 굴절 수준,1
2026-05-04,에펨코리아,[에펨코리아] 아다리 진짜 개심하네 굴절 수준,1
2026-05-25,에펨코리아,[에펨코리아] 아다리 진짜 개심하네 굴절 수준,2
2026-06-01,에펨코리아,[에펨코리아] 오늘 보정 상태 왜 이러냐 아다리 롤백좀,2
2026-06-01,에펨코리아,[에펨코리아] 오늘 보정 상태 왜 이러냐 아다리 롤백좀,2
2026-06-02,에펨코리아,[에펨코리아] 오늘 보정 상태 왜 이러냐 아다리 롤백좀,2
2026-06-02,에펨코리아,[에펨코리아] 오늘 보정 상태 왜 이러냐 아다리 롤백좀,3
2026-06-03,에펨코리아,[에펨코리아] 오늘 보정 상태 왜 이러냐 아다리 롤백좀,2
2026-06-03,에펨코리아,[에펨코리아] 오늘 보정 상태 왜 이러냐 아다리 롤백좀,3
2026-06-04,에펨코리아,[에펨코리아] 오늘 보정 상태 왜 이러냐 아다리 롤백좀,3
2026-06-04,에펨코리아,[에펨코리아] 오늘 보정 상태 왜 이러냐 아다리 롤백좀,3
2026-06-05,에펨코리아,[에펨코리아] 오늘 보정 상태 왜 이러냐 아다리 롤백좀,2
2026-06-05,에펨코리아,[에펨코리아] 오늘 보정 상태 왜 이러냐 아다리 롤백좀,2
2026-05-25,디시인사이드,[디시인사이드] 아다리 진짜 개심하네 굴절 수준,1
2026-05-28,디시인사이드,[디시인사이드] 아다리 진짜 개심하네 굴절 수준,1
2026-05-16,디시인사이드,[디시인사이드] 아다리 진짜 개심하네 굴절 수준,1
2026-05-06,디시인사이드,[디시인사이드] 아다리 진짜 개심하네 굴절 수준,2
2026-05-25,디시인사이드,[디시인사이드] 아다리 진짜 개심하네 굴절 수준,1
2026-05-22,디시인사이드,[디시인사이드] 아다리 진짜 개심하네 굴절 수준,1
2026-05-13,디시인사이드,[디시인사이드] 아다리 진짜 개심하네 굴절 수준,2
2026-05-31,디시인사이드,[디시인사이드] 아다리 진짜 개심하네 굴절 수준,2
2026-05-21,디시인사이드,[디시인사이드] 아다리 진짜 개심하네 굴절 수준,1
2026-05-08,디시인사이드,[디시인사이드] 아다리 진짜 개심하네 굴절 수준,2
2026-05-26,디시인사이드,[디시인사이드] 아다리 진짜 개심하네 굴절 수준,1
2026-05-22,디시인사이드,[디시인사이드] 아다리 진짜 개심하네 굴절 수준,1
2026-05-25,디시인사이드,[디시인사이드] 아다리 진짜 개심하네 굴절 수준,1
2026-05-01,디시인사이드,[디시인사이드] 아다리 진짜 개심하네 굴절 수준,1
2026-05-23,디시인사이드,[디시인사이드] 아다리 진짜 개심하네 굴절 수준,2
2026-06-01,디시인사이드,[디시인사이드] 오늘 보정 상태 왜 이러냐 아다리 롤백좀,3
2026-06-01,디시인사이드,[디시인사이드] 오늘 보정 상태 왜 이러냐 아다리 롤백좀,3
2026-06-02,디시인사이드,[디시인사이드] 오늘 보정 상태 왜 이러냐 아다리 롤백좀,2
2026-06-02,디시인사이드,[디시인사이드] 오늘 보정 상태 왜 이러냐 아다리 롤백좀,3
2026-06-03,디시인사이드,[디시인사이드] 오늘 보정 상태 왜 이러냐 아다리 롤백좀,2
2026-06-03,디시인사이드,[디시인사이드] 오늘 보정 상태 왜 이러냐 아다리 롤백좀,3
2026-06-04,디시인사이드,[디시인사이드] 오늘 보정 상태 왜 이러냐 아다리 롤백좀,3
2026-06-04,디시인사이드,[디시인사이드] 오늘 보정 상태 왜 이러냐 아다리 롤백좀,2
2026-06-05,디시인사이드,[디시인사이드] 오늘 보정 상태 왜 이러냐 아다리 롤백좀,2
2026-06-05,디시인사이드,[디시인사이드] 오늘 보정 상태 왜 이러냐 아다리 롤백좀,2
2026-05-04,공식홈페이지,[공식홈페이지] 아다리 진짜 개심하네 굴절 수준,2
2026-05-10,공식홈페이지,[공식홈페이지] 아다리 진짜 개심하네 굴절 수준,2
2026-05-14,공식홈페이지,[공식홈페이지] 아다리 진짜 개심하네 굴절 수준,1
2026-05-18,공식홈페이지,[공식홈페이지] 아다리 진짜 개심하네 굴절 수준,2
2026-05-01,공식홈페이지,[공식홈페이지] 아다리 진짜 개심하네 굴절 수준,2
2026-05-27,공식홈페이지,[공식홈페이지] 아다리 진짜 개심하네 굴절 수준,1
2026-05-30,공식홈페이지,[공식홈페이지] 아다리 진짜 개심하네 굴절 수준,1
2026-05-07,공식홈페이지,[공식홈페이지] 아다리 진짜 개심하네 굴절 수준,1
2026-05-07,공식홈페이지,[공식홈페이지] 아다리 진짜 개심하네 굴절 수준,2
2026-05-21,공식홈페이지,[공식홈페이지] 아다리 진짜 개심하네 굴절 수준,2
2026-05-05,공식홈페이지,[공식홈페이지] 아다리 진짜 개심하네 굴절 수준,1
2026-05-04,공식홈페이지,[공식홈페이지] 아다리 진짜 개심하네 굴절 수준,2
2026-05-06,공식홈페이지,[공식홈페이지] 아다리 진짜 개심하네 굴절 수준,2
2026-05-20,공식홈페이지,[공식홈페이지] 아다리 진짜 개심하네 굴절 수준,2
2026-05-31,공식홈페이지,[공식홈페이지] 아다리 진짜 개심하네 굴절 수준,2
2026-06-01,공식홈페이지,[공식홈페이지] 오늘 보정 상태 왜 이러냐 아다리 롤백좀,2
2026-06-01,공식홈페이지,[공식홈페이지] 오늘 보정 상태 왜 이러냐 아다리 롤백좀,3
2026-06-02,공식홈페이지,[공식홈페이지] 오늘 보정 상태 왜 이러냐 아다리 롤백좀,3
2026-06-02,공식홈페이지,[공식홈페이지] 오늘 보정 상태 왜 이러냐 아다리 롤백좀,3
2026-06-03,공식홈페이지,[공식홈페이지] 오늘 보정 상태 왜 이러냐 아다리 롤백좀,3
2026-06-03,공식홈페이지,[공식홈페이지] 오늘 보정 상태 왜 이러냐 아다리 롤백좀,2
2026-06-04,공식홈페이지,[공식홈페이지] 오늘 보정 상태 왜 이러냐 아다리 롤백좀,2
2026-06-04,공식홈페이지,[공식홈페이지] 오늘 보정 상태 왜 이러냐 아다리 롤백좀,3
2026-06-05,공식홈페이지,[공식홈페이지] 오늘 보정 상태 왜 이러냐 아다리 롤백좀,2
2026-06-05,공식홈페이지,[공식홈페이지] 오늘 보정 상태 왜 이러냐 아다리 롤백좀,2
